ulke,tarih,yayın_sayısı
ASEAN (Association of Southeast Asian Nations) (CSET),2014-01-01,5119
ASEAN (Association of Southeast Asian Nations) (CSET),2015-01-01,5600
ASEAN (Association of Southeast Asian Nations) (CSET),2016-01-01,6172
ASEAN (Association of Southeast Asian Nations) (CSET),2017-01-01,7229
ASEAN (Association of Southeast Asian Nations) (CSET),2018-01-01,9106
ASEAN (Association of Southeast Asian Nations) (CSET),2019-01-01,11047
ASEAN (Association of Southeast Asian Nations) (CSET),2020-01-01,12620
ASEAN (Association of Southeast Asian Nations) (CSET),2021-01-01,15607
ASEAN (Association of Southeast Asian Nations) (CSET),2022-01-01,17854
Afghanistan,2015-01-01,2
Afghanistan,2016-01-01,1
Afghanistan,2017-01-01,2
Afghanistan,2018-01-01,4
Afghanistan,2019-01-01,12
Afghanistan,2020-01-01,17
Afghanistan,2021-01-01,19
Afghanistan,2022-01-01,61
Africa,2014-01-01,2761
Africa,2015-01-01,3106
Africa,2016-01-01,3687
Africa,2017-01-01,3963
Africa,2018-01-01,4519
Africa,2019-01-01,5300
Africa,2020-01-01,6791
Africa,2021-01-01,8485
Africa,2022-01-01,10743
Africa (CSET),2014-01-01,2729
Africa (CSET),2015-01-01,3066
Africa (CSET),2016-01-01,3640
Africa (CSET),2017-01-01,3886
Africa (CSET),2018-01-01,4435
Africa (CSET),2019-01-01,5178
Africa (CSET),2020-01-01,6565
Africa (CSET),2021-01-01,8149
Africa (CSET),2022-01-01,10257
Albania,2014-01-01,24
Albania,2015-01-01,20
Albania,2016-01-01,17
Albania,2017-01-01,30
Albania,2018-01-01,25
Albania,2019-01-01,20
Albania,2020-01-01,24
Albania,2021-01-01,43
Albania,2022-01-01,57
Algeria,2014-01-01,490
Algeria,2015-01-01,589
Algeria,2016-01-01,594
Algeria,2017-01-01,606
Algeria,2018-01-01,776
Algeria,2019-01-01,736
Algeria,2020-01-01,825
Algeria,2021-01-01,959
Algeria,2022-01-01,1265
Andorra,2014-01-01,1
Andorra,2015-01-01,2
Andorra,2016-01-01,3
Andorra,2022-01-01,2
Angola,2014-01-01,1
Angola,2016-01-01,3
Angola,2017-01-01,2
Angola,2018-01-01,2
Angola,2019-01-01,6
Angola,2020-01-01,4
Angola,2021-01-01,2
Angola,2022-01-01,4
Antigua and Barbuda,2014-01-01,2
Antigua and Barbuda,2015-01-01,1
Antigua and Barbuda,2017-01-01,1
Antigua and Barbuda,2018-01-01,8
Antigua and Barbuda,2019-01-01,2
Antigua and Barbuda,2020-01-01,3
Antigua and Barbuda,2021-01-01,9
Antigua and Barbuda,2022-01-01,13
Argentina,2014-01-01,282
Argentina,2015-01-01,264
Argentina,2016-01-01,298
Argentina,2017-01-01,282
Argentina,2018-01-01,347
Argentina,2019-01-01,306
Argentina,2020-01-01,408
Argentina,2021-01-01,406
Argentina,2022-01-01,335
Armenia,2014-01-01,14
Armenia,2015-01-01,18
Armenia,2016-01-01,13
Armenia,2017-01-01,30
Armenia,2018-01-01,22
Armenia,2019-01-01,25
Armenia,2020-01-01,34
Armenia,2021-01-01,45
Armenia,2022-01-01,56
Asia,2014-01-01,63671
Asia,2015-01-01,67193
Asia,2016-01-01,71963
Asia,2017-01-01,82419
Asia,2018-01-01,102031
Asia,2019-01-01,126552
Asia,2020-01-01,147772
Asia,2021-01-01,190704
Asia,2022-01-01,228978
Asia Pacific (CSET),2014-01-01,59893
Asia Pacific (CSET),2015-01-01,62895
Asia Pacific (CSET),2016-01-01,67224
Asia Pacific (CSET),2017-01-01,76719
Asia Pacific (CSET),2018-01-01,94801
Asia Pacific (CSET),2019-01-01,116872
Asia Pacific (CSET),2020-01-01,134789
Asia Pacific (CSET),2021-01-01,173013
Asia Pacific (CSET),2022-01-01,206566
Australia,2014-01-01,3079
Australia,2015-01-01,3146
Australia,2016-01-01,3397
Australia,2017-01-01,3577
Australia,2018-01-01,4554
Australia,2019-01-01,5603
Australia,2020-01-01,6759
Australia,2021-01-01,7730
Australia,2022-01-01,7813
Austria,2014-01-01,916
Austria,2015-01-01,963
Austria,2016-01-01,1122
Austria,2017-01-01,1104
Austria,2018-01-01,1285
Austria,2019-01-01,1544
Austria,2020-01-01,1752
Austria,2021-01-01,2047
Austria,2022-01-01,2257
Azerbaijan,2014-01-01,33
Azerbaijan,2015-01-01,47
Azerbaijan,2016-01-01,42
Azerbaijan,2017-01-01,37
Azerbaijan,2018-01-01,65
Azerbaijan,2019-01-01,70
Azerbaijan,2020-01-01,77
Azerbaijan,2021-01-01,114
Azerbaijan,2022-01-01,131
Bahamas,2014-01-01,1
Bahamas,2018-01-01,1
Bahamas,2019-01-01,2
Bahamas,2020-01-01,1
Bahamas,2021-01-01,4
Bahamas,2022-01-01,8
Bahrain,2014-01-01,25
Bahrain,2015-01-01,18
Bahrain,2016-01-01,19
Bahrain,2017-01-01,18
Bahrain,2018-01-01,41
Bahrain,2019-01-01,39
Bahrain,2020-01-01,67
Bahrain,2021-01-01,126
Bahrain,2022-01-01,204
Bangladesh,2014-01-01,351
Bangladesh,2015-01-01,328
Bangladesh,2016-01-01,350
Bangladesh,2017-01-01,503
Bangladesh,2018-01-01,720
Bangladesh,2019-01-01,1197
Bangladesh,2020-01-01,1446
Bangladesh,2021-01-01,2212
Bangladesh,2022-01-01,2341
Barbados,2014-01-01,3
Barbados,2015-01-01,2
Barbados,2017-01-01,1
Barbados,2018-01-01,2
Barbados,2019-01-01,2
Barbados,2020-01-01,1
Barbados,2021-01-01,3
Barbados,2022-01-01,5
Belarus,2014-01-01,43
Belarus,2015-01-01,28
Belarus,2016-01-01,37
Belarus,2017-01-01,49
Belarus,2018-01-01,44
Belarus,2019-01-01,96
Belarus,2020-01-01,113
Belarus,2021-01-01,109
Belarus,2022-01-01,150
Belgium,2014-01-01,1130
Belgium,2015-01-01,1192
Belgium,2016-01-01,1209
Belgium,2017-01-01,1214
Belgium,2018-01-01,1499
Belgium,2019-01-01,1584
Belgium,2020-01-01,1915
Belgium,2021-01-01,2096
Belgium,2022-01-01,2267
Belize,2014-01-01,1
Belize,2019-01-01,1
Belize,2020-01-01,3
Benin,2014-01-01,10
Benin,2015-01-01,10
Benin,2016-01-01,15
Benin,2017-01-01,7
Benin,2018-01-01,13
Benin,2019-01-01,11
Benin,2020-01-01,23
Benin,2021-01-01,15
Benin,2022-01-01,38
Bermuda,2018-01-01,1
Bermuda,2019-01-01,3
Bermuda,2020-01-01,4
Bermuda,2022-01-01,2
Bhutan,2014-01-01,1
Bhutan,2015-01-01,1
Bhutan,2016-01-01,1
Bhutan,2017-01-01,3
Bhutan,2019-01-01,4
Bhutan,2020-01-01,5
Bhutan,2021-01-01,12
Bhutan,2022-01-01,15
Bolivia,2014-01-01,13
Bolivia,2015-01-01,6
Bolivia,2016-01-01,12
Bolivia,2017-01-01,5
Bolivia,2018-01-01,13
Bolivia,2019-01-01,14
Bolivia,2020-01-01,12
Bolivia,2021-01-01,28
Bolivia,2022-01-01,19
Bosnia and Herzegovina,2014-01-01,40
Bosnia and Herzegovina,2015-01-01,50
Bosnia and Herzegovina,2016-01-01,72
Bosnia and Herzegovina,2017-01-01,92
Bosnia and Herzegovina,2018-01-01,113
Bosnia and Herzegovina,2019-01-01,130
Bosnia and Herzegovina,2020-01-01,127
Bosnia and Herzegovina,2021-01-01,122
Bosnia and Herzegovina,2022-01-01,142
Botswana,2014-01-01,3
Botswana,2015-01-01,7
Botswana,2016-01-01,15
Botswana,2017-01-01,12
Botswana,2018-01-01,7
Botswana,2019-01-01,16
Botswana,2020-01-01,18
Botswana,2021-01-01,44
Botswana,2022-01-01,40
Brazil,2014-01-01,1967
Brazil,2015-01-01,2306
Brazil,2016-01-01,2293
Brazil,2017-01-01,2580
Brazil,2018-01-01,3299
Brazil,2019-01-01,3757
Brazil,2020-01-01,4284
Brazil,2021-01-01,4488
Brazil,2022-01-01,4221
Brunei,2014-01-01,21
Brunei,2015-01-01,15
Brunei,2016-01-01,21
Brunei,2017-01-01,18
Brunei,2018-01-01,16
Brunei,2019-01-01,31
Brunei,2020-01-01,37
Brunei,2021-01-01,61
Brunei,2022-01-01,109
Bulgaria,2014-01-01,176
Bulgaria,2015-01-01,166
Bulgaria,2016-01-01,178
Bulgaria,2017-01-01,226
Bulgaria,2018-01-01,259
Bulgaria,2019-01-01,353
Bulgaria,2020-01-01,387
Bulgaria,2021-01-01,417
Bulgaria,2022-01-01,450
Burkina Faso,2014-01-01,2
Burkina Faso,2015-01-01,1
Burkina Faso,2016-01-01,4
Burkina Faso,2017-01-01,3
Burkina Faso,2018-01-01,7
Burkina Faso,2019-01-01,9
Burkina Faso,2020-01-01,13
Burkina Faso,2021-01-01,18
Burkina Faso,2022-01-01,21
Burundi,2014-01-01,25
Burundi,2015-01-01,40
Burundi,2016-01-01,34
Burundi,2017-01-01,25
Burundi,2018-01-01,32
Burundi,2019-01-01,43
Burundi,2020-01-01,42
Burundi,2021-01-01,49
Burundi,2022-01-01,30
Cambodia,2014-01-01,22
Cambodia,2015-01-01,19
Cambodia,2016-01-01,15
Cambodia,2017-01-01,12
Cambodia,2018-01-01,32
Cambodia,2019-01-01,32
Cambodia,2020-01-01,37
Cambodia,2021-01-01,45
Cambodia,2022-01-01,58
Cameroon,2014-01-01,18
Cameroon,2015-01-01,16
Cameroon,2016-01-01,12
Cameroon,2017-01-01,24
Cameroon,2018-01-01,33
Cameroon,2019-01-01,42
Cameroon,2020-01-01,67
Cameroon,2021-01-01,63
Cameroon,2022-01-01,64
Canada,2014-01-01,3813
Canada,2015-01-01,3872
Canada,2016-01-01,4034
Canada,2017-01-01,4436
Canada,2018-01-01,5283
Canada,2019-01-01,6867
Canada,2020-01-01,8390
Canada,2021-01-01,9867
Canada,2022-01-01,9745
Cape Verde,2017-01-01,1
Cape Verde,2022-01-01,1
Central African Republic,2022-01-01,2
Chad,2015-01-01,1
Chad,2017-01-01,1
Chad,2021-01-01,5
Chad,2022-01-01,1
Chile,2014-01-01,247
Chile,2015-01-01,315
Chile,2016-01-01,339
Chile,2017-01-01,318
Chile,2018-01-01,376
Chile,2019-01-01,438
Chile,2020-01-01,523
Chile,2021-01-01,643
Chile,2022-01-01,607
China,2014-01-01,30946
China,2015-01-01,31289
China,2016-01-01,33187
China,2017-01-01,38431
China,2018-01-01,48601
China,2019-01-01,61978
China,2020-01-01,69728
China,2021-01-01,90630
China,2022-01-01,111051
Colombia,2014-01-01,393
Colombia,2015-01-01,482
Colombia,2016-01-01,476
Colombia,2017-01-01,532
Colombia,2018-01-01,623
Colombia,2019-01-01,738
Colombia,2020-01-01,872
Colombia,2021-01-01,867
Colombia,2022-01-01,798
Comoros,2016-01-01,1
Comoros,2020-01-01,1
Congo,2015-01-01,3
Congo,2016-01-01,2
Congo,2017-01-01,3
Congo,2018-01-01,5
Congo,2019-01-01,7
Congo,2020-01-01,11
Congo,2021-01-01,19
Congo,2022-01-01,26
Costa Rica,2014-01-01,23
Costa Rica,2015-01-01,22
Costa Rica,2016-01-01,36
Costa Rica,2017-01-01,34
Costa Rica,2018-01-01,58
Costa Rica,2019-01-01,82
Costa Rica,2020-01-01,79
Costa Rica,2021-01-01,71
Costa Rica,2022-01-01,85
Cote d'Ivoire,2014-01-01,2
Cote d'Ivoire,2015-01-01,4
Cote d'Ivoire,2016-01-01,9
Cote d'Ivoire,2017-01-01,9
Cote d'Ivoire,2018-01-01,10
Cote d'Ivoire,2019-01-01,10
Cote d'Ivoire,2020-01-01,17
Cote d'Ivoire,2021-01-01,18
Cote d'Ivoire,2022-01-01,22
Croatia,2014-01-01,215
Croatia,2015-01-01,236
Croatia,2016-01-01,274
Croatia,2017-01-01,268
Croatia,2018-01-01,309
Croatia,2019-01-01,330
Croatia,2020-01-01,424
Croatia,2021-01-01,489
Croatia,2022-01-01,522
Cuba,2014-01-01,93
Cuba,2015-01-01,93
Cuba,2016-01-01,104
Cuba,2017-01-01,99
Cuba,2018-01-01,140
Cuba,2019-01-01,116
Cuba,2020-01-01,100
Cuba,2021-01-01,129
Cuba,2022-01-01,90
Cyprus,2014-01-01,117
Cyprus,2015-01-01,130
Cyprus,2016-01-01,155
Cyprus,2017-01-01,196
Cyprus,2018-01-01,209
Cyprus,2019-01-01,264
Cyprus,2020-01-01,323
Cyprus,2021-01-01,426
Cyprus,2022-01-01,420
Czechia,2014-01-01,972
Czechia,2015-01-01,1050
Czechia,2016-01-01,1065
Czechia,2017-01-01,1058
Czechia,2018-01-01,1128
Czechia,2019-01-01,1218
Czechia,2020-01-01,1276
Czechia,2021-01-01,1415
Czechia,2022-01-01,1447
Denmark,2014-01-01,509
Denmark,2015-01-01,573
Denmark,2016-01-01,638
Denmark,2017-01-01,700
Denmark,2018-01-01,859
Denmark,2019-01-01,1011
Denmark,2020-01-01,1275
Denmark,2021-01-01,1700
Denmark,2022-01-01,1668
Djibouti,2014-01-01,1
Djibouti,2017-01-01,1
Djibouti,2022-01-01,1
Dominica,2015-01-01,1
Dominica,2017-01-01,1
Dominica,2018-01-01,1
Dominica,2022-01-01,1
Dominican Republic,2014-01-01,2
Dominican Republic,2015-01-01,2
Dominican Republic,2016-01-01,7
Dominican Republic,2018-01-01,13
Dominican Republic,2019-01-01,15
Dominican Republic,2020-01-01,14
Dominican Republic,2021-01-01,17
Dominican Republic,2022-01-01,9
East Timor,2015-01-01,1
East Timor,2017-01-01,1
East Timor,2018-01-01,2
East Timor,2019-01-01,3
East Timor,2021-01-01,2
East Timor,2022-01-01,3
Ecuador,2014-01-01,66
Ecuador,2015-01-01,119
Ecuador,2016-01-01,168
Ecuador,2017-01-01,333
Ecuador,2018-01-01,366
Ecuador,2019-01-01,402
Ecuador,2020-01-01,404
Ecuador,2021-01-01,433
Ecuador,2022-01-01,421
Egypt,2014-01-01,663
Egypt,2015-01-01,734
Egypt,2016-01-01,781
Egypt,2017-01-01,849
Egypt,2018-01-01,1000
Egypt,2019-01-01,1211
Egypt,2020-01-01,1637
Egypt,2021-01-01,2203
Egypt,2022-01-01,2744
El Salvador,2014-01-01,1
El Salvador,2015-01-01,4
El Salvador,2016-01-01,3
El Salvador,2017-01-01,5
El Salvador,2018-01-01,13
El Salvador,2019-01-01,6
El Salvador,2020-01-01,10
El Salvador,2021-01-01,14
El Salvador,2022-01-01,24
Equatorial Guinea,2022-01-01,1
Eritrea,2021-01-01,1
Eritrea,2022-01-01,1
Estonia,2014-01-01,79
Estonia,2015-01-01,85
Estonia,2016-01-01,92
Estonia,2017-01-01,119
Estonia,2018-01-01,153
Estonia,2019-01-01,173
Estonia,2020-01-01,250
Estonia,2021-01-01,278
Estonia,2022-01-01,306
Eswatini,2016-01-01,2
Eswatini,2017-01-01,1
Eswatini,2018-01-01,2
Eswatini,2019-01-01,2
Eswatini,2020-01-01,6
Eswatini,2021-01-01,6
Eswatini,2022-01-01,13
Ethiopia,2014-01-01,13
Ethiopia,2015-01-01,27
Ethiopia,2016-01-01,31
Ethiopia,2017-01-01,41
Ethiopia,2018-01-01,58
Ethiopia,2019-01-01,93
Ethiopia,2020-01-01,152
Ethiopia,2021-01-01,302
Ethiopia,2022-01-01,627
Europe,2014-01-01,45078
Europe,2015-01-01,47550
Europe,2016-01-01,50481
Europe,2017-01-01,53716
Europe,2018-01-01,62999
Europe,2019-01-01,74284
Europe,2020-01-01,85353
Europe,2021-01-01,97580
Europe,2022-01-01,100679
Europe (CSET),2014-01-01,39952
Europe (CSET),2015-01-01,41982
Europe (CSET),2016-01-01,44309
Europe (CSET),2017-01-01,47387
Europe (CSET),2018-01-01,55161
Europe (CSET),2019-01-01,65388
Europe (CSET),2020-01-01,74489
Europe (CSET),2021-01-01,85032
Europe (CSET),2022-01-01,87191
European Union (27) (CSET),2014-01-01,30874
European Union (27) (CSET),2015-01-01,32234
European Union (27) (CSET),2016-01-01,33207
European Union (27) (CSET),2017-01-01,34425
European Union (27) (CSET),2018-01-01,39285
European Union (27) (CSET),2019-01-01,45470
European Union (27) (CSET),2020-01-01,51288
European Union (27) (CSET),2021-01-01,58438
European Union (27) (CSET),2022-01-01,60861
Fiji,2014-01-01,26
Fiji,2015-01-01,33
Fiji,2016-01-01,32
Fiji,2017-01-01,25
Fiji,2018-01-01,18
Fiji,2019-01-01,26
Fiji,2020-01-01,39
Fiji,2021-01-01,43
Fiji,2022-01-01,40
Finland,2014-01-01,685
Finland,2015-01-01,685
Finland,2016-01-01,770
Finland,2017-01-01,800
Finland,2018-01-01,963
Finland,2019-01-01,1266
Finland,2020-01-01,1435
Finland,2021-01-01,1643
Finland,2022-01-01,1712
"Five Eyes (Australia, Canada, New Zealand, UK, and the US) (CSET)",2014-01-01,33853
"Five Eyes (Australia, Canada, New Zealand, UK, and the US) (CSET)",2015-01-01,35411
"Five Eyes (Australia, Canada, New Zealand, UK, and the US) (CSET)",2016-01-01,38291
"Five Eyes (Australia, Canada, New Zealand, UK, and the US) (CSET)",2017-01-01,42872
"Five Eyes (Australia, Canada, New Zealand, UK, and the US) (CSET)",2018-01-01,52753
"Five Eyes (Australia, Canada, New Zealand, UK, and the US) (CSET)",2019-01-01,65989
"Five Eyes (Australia, Canada, New Zealand, UK, and the US) (CSET)",2020-01-01,76919
"Five Eyes (Australia, Canada, New Zealand, UK, and the US) (CSET)",2021-01-01,85449
"Five Eyes (Australia, Canada, New Zealand, UK, and the US) (CSET)",2022-01-01,81921
France,2014-01-01,5975
France,2015-01-01,6177
France,2016-01-01,6142
France,2017-01-01,6058
France,2018-01-01,6834
France,2019-01-01,7599
France,2020-01-01,8027
France,2021-01-01,8439
France,2022-01-01,9099
Gabon,2014-01-01,3
Gabon,2015-01-01,2
Gabon,2019-01-01,2
Gabon,2020-01-01,2
Gabon,2021-01-01,3
Gabon,2022-01-01,4
Gambia,2016-01-01,1
Gambia,2019-01-01,1
Gambia,2021-01-01,4
Gambia,2022-01-01,3
Georgia,2014-01-01,10
Georgia,2015-01-01,8
Georgia,2016-01-01,18
Georgia,2017-01-01,14
Georgia,2018-01-01,28
Georgia,2019-01-01,23
Georgia,2020-01-01,40
Georgia,2021-01-01,46
Georgia,2022-01-01,58
Germany,2014-01-01,6387
Germany,2015-01-01,6513
Germany,2016-01-01,7023
Germany,2017-01-01,7494
Germany,2018-01-01,8907
Germany,2019-01-01,10587
Germany,2020-01-01,12538
Germany,2021-01-01,14503
Germany,2022-01-01,14464
Ghana,2014-01-01,26
Ghana,2015-01-01,27
Ghana,2016-01-01,16
Ghana,2017-01-01,32
Ghana,2018-01-01,58
Ghana,2019-01-01,83
Ghana,2020-01-01,107
Ghana,2021-01-01,190
Ghana,2022-01-01,293
Global Partnership on Artificial Intelligence (CSET),2014-01-01,76054
Global Partnership on Artificial Intelligence (CSET),2015-01-01,80828
Global Partnership on Artificial Intelligence (CSET),2016-01-01,85749
Global Partnership on Artificial Intelligence (CSET),2017-01-01,93601
Global Partnership on Artificial Intelligence (CSET),2018-01-01,112002
Global Partnership on Artificial Intelligence (CSET),2019-01-01,133172
Global Partnership on Artificial Intelligence (CSET),2020-01-01,154712
Global Partnership on Artificial Intelligence (CSET),2021-01-01,179309
Global Partnership on Artificial Intelligence (CSET),2022-01-01,186852
Greece,2014-01-01,1039
Greece,2015-01-01,993
Greece,2016-01-01,1058
Greece,2017-01-01,977
Greece,2018-01-01,1231
Greece,2019-01-01,1290
Greece,2020-01-01,1626
Greece,2021-01-01,2089
Greece,2022-01-01,2236
Grenada,2014-01-01,1
Grenada,2015-01-01,1
Grenada,2017-01-01,1
Grenada,2018-01-01,3
Grenada,2019-01-01,1
Grenada,2020-01-01,5
Grenada,2021-01-01,3
Grenada,2022-01-01,2
Guatemala,2014-01-01,2
Guatemala,2015-01-01,6
Guatemala,2016-01-01,5
Guatemala,2017-01-01,13
Guatemala,2018-01-01,11
Guatemala,2019-01-01,20
Guatemala,2020-01-01,16
Guatemala,2021-01-01,23
Guatemala,2022-01-01,16
Guinea,2020-01-01,1
Guinea,2022-01-01,1
Guinea-Bissau,2018-01-01,1
Guyana,2016-01-01,1
Guyana,2017-01-01,2
Guyana,2020-01-01,1
Haiti,2018-01-01,1
Haiti,2019-01-01,1
Haiti,2021-01-01,1
Haiti,2022-01-01,3
Honduras,2014-01-01,1
Honduras,2015-01-01,3
Honduras,2016-01-01,2
Honduras,2017-01-01,1
Honduras,2018-01-01,5
Honduras,2019-01-01,15
Honduras,2020-01-01,72
Honduras,2021-01-01,23
Honduras,2022-01-01,37
Hungary,2014-01-01,377
Hungary,2015-01-01,352
Hungary,2016-01-01,385
Hungary,2017-01-01,355
Hungary,2018-01-01,490
Hungary,2019-01-01,631
Hungary,2020-01-01,708
Hungary,2021-01-01,760
Hungary,2022-01-01,961
Iceland,2014-01-01,94
Iceland,2015-01-01,69
Iceland,2016-01-01,72
Iceland,2017-01-01,84
Iceland,2018-01-01,59
Iceland,2019-01-01,88
Iceland,2020-01-01,77
Iceland,2021-01-01,70
Iceland,2022-01-01,125
India,2014-01-01,7896
India,2015-01-01,9473
India,2016-01-01,11242
India,2017-01-01,12764
India,2018-01-01,15697
India,2019-01-01,17838
India,2020-01-01,23280
India,2021-01-01,32520
India,2022-01-01,41551
Indonesia,2014-01-01,606
Indonesia,2015-01-01,875
Indonesia,2016-01-01,1186
Indonesia,2017-01-01,1818
Indonesia,2018-01-01,2660
Indonesia,2019-01-01,3295
Indonesia,2020-01-01,3890
Indonesia,2021-01-01,4487
Indonesia,2022-01-01,5208
Iran,2014-01-01,1896
Iran,2015-01-01,2133
Iran,2016-01-01,1951
Iran,2017-01-01,2326
Iran,2018-01-01,2218
Iran,2019-01-01,2820
Iran,2020-01-01,3258
Iran,2021-01-01,3744
Iran,2022-01-01,3873
Iraq,2014-01-01,187
Iraq,2015-01-01,202
Iraq,2016-01-01,274
Iraq,2017-01-01,368
Iraq,2018-01-01,519
Iraq,2019-01-01,766
Iraq,2020-01-01,1129
Iraq,2021-01-01,1568
Iraq,2022-01-01,2149
Ireland,2014-01-01,551
Ireland,2015-01-01,544
Ireland,2016-01-01,592
Ireland,2017-01-01,581
Ireland,2018-01-01,753
Ireland,2019-01-01,928
Ireland,2020-01-01,1116
Ireland,2021-01-01,1250
Ireland,2022-01-01,1296
Israel,2014-01-01,884
Israel,2015-01-01,886
Israel,2016-01-01,1015
Israel,2017-01-01,1144
Israel,2018-01-01,1378
Israel,2019-01-01,1871
Israel,2020-01-01,2194
Israel,2021-01-01,2494
Israel,2022-01-01,1944
Italy,2014-01-01,4002
Italy,2015-01-01,4468
Italy,2016-01-01,4596
Italy,2017-01-01,4863
Italy,2018-01-01,5355
Italy,2019-01-01,6208
Italy,2020-01-01,7327
Italy,2021-01-01,8514
Italy,2022-01-01,9353
Jamaica,2014-01-01,5
Jamaica,2015-01-01,8
Jamaica,2016-01-01,12
Jamaica,2017-01-01,10
Jamaica,2018-01-01,20
Jamaica,2019-01-01,37
Jamaica,2020-01-01,28
Jamaica,2021-01-01,34
Jamaica,2022-01-01,23
Japan,2014-01-01,6702
Japan,2015-01-01,7061
Japan,2016-01-01,7216
Japan,2017-01-01,7652
Japan,2018-01-01,8879
Japan,2019-01-01,9923
Japan,2020-01-01,10249
Japan,2021-01-01,10860
Japan,2022-01-01,11271
Jordan,2014-01-01,185
Jordan,2015-01-01,203
Jordan,2016-01-01,242
Jordan,2017-01-01,246
Jordan,2018-01-01,354
Jordan,2019-01-01,433
Jordan,2020-01-01,500
Jordan,2021-01-01,644
Jordan,2022-01-01,848
Kazakhstan,2014-01-01,83
Kazakhstan,2015-01-01,103
Kazakhstan,2016-01-01,101
Kazakhstan,2017-01-01,119
Kazakhstan,2018-01-01,158
Kazakhstan,2019-01-01,222
Kazakhstan,2020-01-01,262
Kazakhstan,2021-01-01,343
Kazakhstan,2022-01-01,368
Kenya,2014-01-01,29
Kenya,2015-01-01,17
Kenya,2016-01-01,43
Kenya,2017-01-01,36
Kenya,2018-01-01,51
Kenya,2019-01-01,86
Kenya,2020-01-01,119
Kenya,2021-01-01,138
Kenya,2022-01-01,191
Kiribati,2018-01-01,1
Kiribati,2020-01-01,1
Kosovo,2014-01-01,4
Kosovo,2015-01-01,7
Kosovo,2016-01-01,16
Kosovo,2017-01-01,24
Kosovo,2018-01-01,16
Kosovo,2019-01-01,23
Kosovo,2020-01-01,7
Kosovo,2021-01-01,17
Kosovo,2022-01-01,22
Kuwait,2014-01-01,37
Kuwait,2015-01-01,58
Kuwait,2016-01-01,54
Kuwait,2017-01-01,56
Kuwait,2018-01-01,71
Kuwait,2019-01-01,85
Kuwait,2020-01-01,129
Kuwait,2021-01-01,152
Kuwait,2022-01-01,220
Kyrgyzstan,2015-01-01,1
Kyrgyzstan,2016-01-01,4
Kyrgyzstan,2017-01-01,2
Kyrgyzstan,2018-01-01,3
Kyrgyzstan,2019-01-01,11
Kyrgyzstan,2020-01-01,16
Kyrgyzstan,2021-01-01,31
Kyrgyzstan,2022-01-01,31
Laos,2015-01-01,1
Laos,2016-01-01,1
Laos,2017-01-01,1
Laos,2019-01-01,2
Laos,2020-01-01,2
Laos,2021-01-01,4
Laos,2022-01-01,2
Latin America and the Caribbean (CSET),2014-01-01,4147
Latin America and the Caribbean (CSET),2015-01-01,4683
Latin America and the Caribbean (CSET),2016-01-01,4924
Latin America and the Caribbean (CSET),2017-01-01,5441
Latin America and the Caribbean (CSET),2018-01-01,6774
Latin America and the Caribbean (CSET),2019-01-01,7600
Latin America and the Caribbean (CSET),2020-01-01,8624
Latin America and the Caribbean (CSET),2021-01-01,9196
Latin America and the Caribbean (CSET),2022-01-01,8680
Latvia,2014-01-01,86
Latvia,2015-01-01,79
Latvia,2016-01-01,76
Latvia,2017-01-01,85
Latvia,2018-01-01,98
Latvia,2019-01-01,104
Latvia,2020-01-01,142
Latvia,2021-01-01,139
Latvia,2022-01-01,152
Lebanon,2014-01-01,101
Lebanon,2015-01-01,143
Lebanon,2016-01-01,131
Lebanon,2017-01-01,149
Lebanon,2018-01-01,223
Lebanon,2019-01-01,224
Lebanon,2020-01-01,221
Lebanon,2021-01-01,263
Lebanon,2022-01-01,364
Lesotho,2017-01-01,1
Lesotho,2019-01-01,2
Lesotho,2020-01-01,2
Lesotho,2021-01-01,3
Lesotho,2022-01-01,4
Liberia,2015-01-01,2
Liberia,2017-01-01,1
Liberia,2019-01-01,1
Liberia,2020-01-01,1
Liberia,2021-01-01,4
Liberia,2022-01-01,15
Libya,2014-01-01,15
Libya,2015-01-01,18
Libya,2016-01-01,18
Libya,2017-01-01,24
Libya,2018-01-01,31
Libya,2019-01-01,29
Libya,2020-01-01,57
Libya,2021-01-01,83
Libya,2022-01-01,104
Liechtenstein,2014-01-01,3
Liechtenstein,2015-01-01,1
Liechtenstein,2016-01-01,2
Liechtenstein,2017-01-01,5
Liechtenstein,2018-01-01,11
Liechtenstein,2019-01-01,12
Liechtenstein,2020-01-01,16
Liechtenstein,2021-01-01,11
Liechtenstein,2022-01-01,18
Lithuania,2014-01-01,113
Lithuania,2015-01-01,100
Lithuania,2016-01-01,127
Lithuania,2017-01-01,127
Lithuania,2018-01-01,139
Lithuania,2019-01-01,166
Lithuania,2020-01-01,196
Lithuania,2021-01-01,264
Lithuania,2022-01-01,308
Luxembourg,2014-01-01,132
Luxembourg,2015-01-01,121
Luxembourg,2016-01-01,156
Luxembourg,2017-01-01,167
Luxembourg,2018-01-01,194
Luxembourg,2019-01-01,188
Luxembourg,2020-01-01,249
Luxembourg,2021-01-01,283
Luxembourg,2022-01-01,305
Madagascar,2014-01-01,4
Madagascar,2015-01-01,4
Madagascar,2016-01-01,1
Madagascar,2017-01-01,1
Madagascar,2018-01-01,3
Madagascar,2019-01-01,13
Madagascar,2020-01-01,13
Madagascar,2021-01-01,19
Madagascar,2022-01-01,8
Malawi,2014-01-01,1
Malawi,2015-01-01,2
Malawi,2018-01-01,1
Malawi,2019-01-01,4
Malawi,2020-01-01,4
Malawi,2021-01-01,12
Malawi,2022-01-01,17
Malaysia,2014-01-01,1837
Malaysia,2015-01-01,1896
Malaysia,2016-01-01,1778
Malaysia,2017-01-01,1998
Malaysia,2018-01-01,2227
Malaysia,2019-01-01,2478
Malaysia,2020-01-01,2510
Malaysia,2021-01-01,3659
Malaysia,2022-01-01,4117
Maldives,2015-01-01,1
Maldives,2017-01-01,1
Maldives,2018-01-01,2
Maldives,2019-01-01,2
Maldives,2020-01-01,5
Maldives,2021-01-01,1
Maldives,2022-01-01,7
Mali,2014-01-01,3
Mali,2015-01-01,6
Mali,2016-01-01,8
Mali,2017-01-01,12
Mali,2018-01-01,11
Mali,2019-01-01,17
Mali,2020-01-01,27
Mali,2021-01-01,22
Mali,2022-01-01,26
Malta,2014-01-01,30
Malta,2015-01-01,62
Malta,2016-01-01,67
Malta,2017-01-01,72
Malta,2018-01-01,67
Malta,2019-01-01,80
Malta,2020-01-01,89
Malta,2021-01-01,118
Malta,2022-01-01,118
Mauritania,2015-01-01,2
Mauritania,2016-01-01,2
Mauritania,2017-01-01,1
Mauritania,2018-01-01,1
Mauritania,2019-01-01,1
Mauritania,2020-01-01,1
Mauritania,2021-01-01,5
Mauritania,2022-01-01,6
Mauritius,2014-01-01,8
Mauritius,2015-01-01,10
Mauritius,2016-01-01,8
Mauritius,2017-01-01,11
Mauritius,2018-01-01,27
Mauritius,2019-01-01,32
Mauritius,2020-01-01,31
Mauritius,2021-01-01,41
Mauritius,2022-01-01,58
Mexico,2014-01-01,1009
Mexico,2015-01-01,1038
Mexico,2016-01-01,1173
Mexico,2017-01-01,1163
Mexico,2018-01-01,1428
Mexico,2019-01-01,1614
Mexico,2020-01-01,1743
Mexico,2021-01-01,1863
Mexico,2022-01-01,1775
Micronesia (country),2014-01-01,1
Micronesia (country),2015-01-01,1
Micronesia (country),2020-01-01,1
Micronesia (country),2022-01-01,1
Moldova,2014-01-01,6
Moldova,2015-01-01,19
Moldova,2016-01-01,10
Moldova,2017-01-01,15
Moldova,2018-01-01,13
Moldova,2019-01-01,11
Moldova,2020-01-01,24
Moldova,2021-01-01,22
Moldova,2022-01-01,31
Monaco,2014-01-01,1
Monaco,2017-01-01,3
Monaco,2018-01-01,1
Monaco,2019-01-01,1
Monaco,2020-01-01,4
Monaco,2021-01-01,6
Monaco,2022-01-01,4
Mongolia,2014-01-01,57
Mongolia,2015-01-01,35
Mongolia,2016-01-01,20
Mongolia,2017-01-01,22
Mongolia,2018-01-01,30
Mongolia,2019-01-01,41
Mongolia,2020-01-01,36
Mongolia,2021-01-01,73
Mongolia,2022-01-01,85
Montenegro,2014-01-01,10
Montenegro,2015-01-01,18
Montenegro,2016-01-01,18
Montenegro,2017-01-01,16
Montenegro,2018-01-01,23
Montenegro,2019-01-01,23
Montenegro,2020-01-01,37
Montenegro,2021-01-01,40
Montenegro,2022-01-01,46
Morocco,2014-01-01,295
Morocco,2015-01-01,372
Morocco,2016-01-01,546
Morocco,2017-01-01,680
Morocco,2018-01-01,742
Morocco,2019-01-01,804
Morocco,2020-01-01,1043
Morocco,2021-01-01,1138
Morocco,2022-01-01,1443
Mozambique,2014-01-01,1
Mozambique,2015-01-01,6
Mozambique,2016-01-01,4
Mozambique,2017-01-01,6
Mozambique,2018-01-01,10
Mozambique,2019-01-01,14
Mozambique,2020-01-01,11
Mozambique,2021-01-01,16
Mozambique,2022-01-01,13
Myanmar,2014-01-01,31
Myanmar,2015-01-01,35
Myanmar,2016-01-01,33
Myanmar,2017-01-01,58
Myanmar,2018-01-01,117
Myanmar,2019-01-01,150
Myanmar,2020-01-01,161
Myanmar,2021-01-01,66
Myanmar,2022-01-01,52
NATO (CSET),2014-01-01,57566
NATO (CSET),2015-01-01,60376
NATO (CSET),2016-01-01,63515
NATO (CSET),2017-01-01,69347
NATO (CSET),2018-01-01,82387
NATO (CSET),2019-01-01,99589
NATO (CSET),2020-01-01,114271
NATO (CSET),2021-01-01,128523
NATO (CSET),2022-01-01,127803
Namibia,2014-01-01,2
Namibia,2015-01-01,6
Namibia,2016-01-01,7
Namibia,2017-01-01,5
Namibia,2018-01-01,6
Namibia,2019-01-01,3
Namibia,2020-01-01,10
Namibia,2021-01-01,20
Namibia,2022-01-01,13
Nepal,2014-01-01,83
Nepal,2015-01-01,59
Nepal,2016-01-01,93
Nepal,2017-01-01,98
Nepal,2018-01-01,112
Nepal,2019-01-01,163
Nepal,2020-01-01,204
Nepal,2021-01-01,297
Nepal,2022-01-01,389
Netherlands,2014-01-01,1884
Netherlands,2015-01-01,1884
Netherlands,2016-01-01,2138
Netherlands,2017-01-01,2186
Netherlands,2018-01-01,2743
Netherlands,2019-01-01,3319
Netherlands,2020-01-01,3935
Netherlands,2021-01-01,4598
Netherlands,2022-01-01,4565
New Zealand,2014-01-01,492
New Zealand,2015-01-01,477
New Zealand,2016-01-01,545
New Zealand,2017-01-01,622
New Zealand,2018-01-01,640
New Zealand,2019-01-01,762
New Zealand,2020-01-01,850
New Zealand,2021-01-01,875
New Zealand,2022-01-01,918
Nicaragua,2014-01-01,2
Nicaragua,2015-01-01,3
Nicaragua,2016-01-01,2
Nicaragua,2017-01-01,7
Nicaragua,2018-01-01,3
Nicaragua,2019-01-01,7
Nicaragua,2020-01-01,9
Nicaragua,2021-01-01,7
Nicaragua,2022-01-01,8
Niger,2014-01-01,6
Niger,2015-01-01,2
Niger,2016-01-01,2
Niger,2017-01-01,1
Niger,2018-01-01,3
Niger,2019-01-01,5
Niger,2020-01-01,5
Niger,2021-01-01,2
Niger,2022-01-01,9
Nigeria,2014-01-01,121
Nigeria,2015-01-01,151
Nigeria,2016-01-01,172
Nigeria,2017-01-01,239
Nigeria,2018-01-01,240
Nigeria,2019-01-01,458
Nigeria,2020-01-01,606
Nigeria,2021-01-01,840
Nigeria,2022-01-01,1028
North America,2014-01-01,26809
North America,2015-01-01,28354
North America,2016-01-01,30583
North America,2017-01-01,34583
North America,2018-01-01,42875
North America,2019-01-01,53726
North America,2020-01-01,62786
North America,2021-01-01,69312
North America,2022-01-01,65595
North America (CSET),2014-01-01,25171
North America (CSET),2015-01-01,26622
North America (CSET),2016-01-01,28617
North America (CSET),2017-01-01,32464
North America (CSET),2018-01-01,40158
North America (CSET),2019-01-01,50634
North America (CSET),2020-01-01,59049
North America (CSET),2021-01-01,65141
North America (CSET),2022-01-01,61473
North Korea,2014-01-01,9
North Korea,2015-01-01,6
North Korea,2016-01-01,3
North Korea,2017-01-01,4
North Korea,2018-01-01,11
North Korea,2019-01-01,7
North Korea,2020-01-01,7
North Korea,2021-01-01,10
North Korea,2022-01-01,23
North Macedonia,2014-01-01,52
North Macedonia,2015-01-01,50
North Macedonia,2016-01-01,72
North Macedonia,2017-01-01,87
North Macedonia,2018-01-01,99
North Macedonia,2019-01-01,88
North Macedonia,2020-01-01,136
North Macedonia,2021-01-01,124
North Macedonia,2022-01-01,173
Norway,2014-01-01,546
Norway,2015-01-01,533
Norway,2016-01-01,611
Norway,2017-01-01,756
Norway,2018-01-01,944
Norway,2019-01-01,1142
Norway,2020-01-01,1411
Norway,2021-01-01,1845
Norway,2022-01-01,2018
OECD (CSET),2014-01-01,72221
OECD (CSET),2015-01-01,75425
OECD (CSET),2016-01-01,79055
OECD (CSET),2017-01-01,85839
OECD (CSET),2018-01-01,102141
OECD (CSET),2019-01-01,122600
OECD (CSET),2020-01-01,140130
OECD (CSET),2021-01-01,157756
OECD (CSET),2022-01-01,158321
Oceania,2014-01-01,3600
Oceania,2015-01-01,3660
Oceania,2016-01-01,3975
Oceania,2017-01-01,4229
Oceania,2018-01-01,5217
Oceania,2019-01-01,6401
Oceania,2020-01-01,7659
Oceania,2021-01-01,8671
Oceania,2022-01-01,8791
Oceania (CSET),2014-01-01,3555
Oceania (CSET),2015-01-01,3615
Oceania (CSET),2016-01-01,3929
Oceania (CSET),2017-01-01,4175
Oceania (CSET),2018-01-01,5157
Oceania (CSET),2019-01-01,6338
Oceania (CSET),2020-01-01,7587
Oceania (CSET),2021-01-01,8560
Oceania (CSET),2022-01-01,8686
Oman,2014-01-01,39
Oman,2015-01-01,48
Oman,2016-01-01,54
Oman,2017-01-01,56
Oman,2018-01-01,83
Oman,2019-01-01,110
Oman,2020-01-01,134
Oman,2021-01-01,220
Oman,2022-01-01,309
Pakistan,2014-01-01,580
Pakistan,2015-01-01,614
Pakistan,2016-01-01,792
Pakistan,2017-01-01,1082
Pakistan,2018-01-01,1414
Pakistan,2019-01-01,2020
Pakistan,2020-01-01,2304
Pakistan,2021-01-01,3265
Pakistan,2022-01-01,3818
Palau,2017-01-01,2
Palau,2019-01-01,1
Palau,2020-01-01,2
Palau,2021-01-01,4
Palau,2022-01-01,3
Panama,2014-01-01,7
Panama,2015-01-01,14
Panama,2016-01-01,11
Panama,2017-01-01,13
Panama,2018-01-01,22
Panama,2019-01-01,25
Panama,2020-01-01,18
Panama,2021-01-01,30
Panama,2022-01-01,30
Papua New Guinea,2014-01-01,1
Papua New Guinea,2015-01-01,2
Papua New Guinea,2017-01-01,1
Papua New Guinea,2018-01-01,3
Papua New Guinea,2019-01-01,9
Papua New Guinea,2020-01-01,7
Papua New Guinea,2021-01-01,16
Papua New Guinea,2022-01-01,15
Paraguay,2014-01-01,5
Paraguay,2015-01-01,9
Paraguay,2016-01-01,21
Paraguay,2017-01-01,15
Paraguay,2018-01-01,15
Paraguay,2019-01-01,24
Paraguay,2020-01-01,25
Paraguay,2021-01-01,40
Paraguay,2022-01-01,23
Peru,2014-01-01,66
Peru,2015-01-01,78
Peru,2016-01-01,80
Peru,2017-01-01,123
Peru,2018-01-01,172
Peru,2019-01-01,230
Peru,2020-01-01,310
Peru,2021-01-01,381
Peru,2022-01-01,426
Philippines,2014-01-01,91
Philippines,2015-01-01,126
Philippines,2016-01-01,152
Philippines,2017-01-01,223
Philippines,2018-01-01,349
Philippines,2019-01-01,464
Philippines,2020-01-01,469
Philippines,2021-01-01,553
Philippines,2022-01-01,820
Poland,2014-01-01,1775
Poland,2015-01-01,2013
Poland,2016-01-01,2093
Poland,2017-01-01,2140
Poland,2018-01-01,2261
Poland,2019-01-01,2196
Poland,2020-01-01,2280
Poland,2021-01-01,2673
Poland,2022-01-01,2853
Portugal,2014-01-01,1250
Portugal,2015-01-01,1337
Portugal,2016-01-01,1217
Portugal,2017-01-01,1318
Portugal,2018-01-01,1461
Portugal,2019-01-01,1678
Portugal,2020-01-01,1658
Portugal,2021-01-01,2049
Portugal,2022-01-01,2295
Qatar,2014-01-01,197
Qatar,2015-01-01,213
Qatar,2016-01-01,244
Qatar,2017-01-01,232
Qatar,2018-01-01,289
Qatar,2019-01-01,332
Qatar,2020-01-01,446
Qatar,2021-01-01,533
Qatar,2022-01-01,649
"Quad (Australia, India, Japan and the US) (CSET)",2014-01-01,38438
"Quad (Australia, India, Japan and the US) (CSET)",2015-01-01,41766
"Quad (Australia, India, Japan and the US) (CSET)",2016-01-01,45570
"Quad (Australia, India, Japan and the US) (CSET)",2017-01-01,51150
"Quad (Australia, India, Japan and the US) (CSET)",2018-01-01,62936
"Quad (Australia, India, Japan and the US) (CSET)",2019-01-01,75707
"Quad (Australia, India, Japan and the US) (CSET)",2020-01-01,89329
"Quad (Australia, India, Japan and the US) (CSET)",2021-01-01,104530
"Quad (Australia, India, Japan and the US) (CSET)",2022-01-01,110295
Romania,2014-01-01,834
Romania,2015-01-01,970
Romania,2016-01-01,892
Romania,2017-01-01,862
Romania,2018-01-01,971
Romania,2019-01-01,1168
Romania,2020-01-01,1228
Romania,2021-01-01,1285
Romania,2022-01-01,1473
Russia,2014-01-01,1181
Russia,2015-01-01,1568
Russia,2016-01-01,1997
Russia,2017-01-01,2552
Russia,2018-01-01,3331
Russia,2019-01-01,4540
Russia,2020-01-01,5036
Russia,2021-01-01,5556
Russia,2022-01-01,4624
Rwanda,2014-01-01,4
Rwanda,2015-01-01,2
Rwanda,2016-01-01,3
Rwanda,2017-01-01,3
Rwanda,2018-01-01,4
Rwanda,2019-01-01,21
Rwanda,2020-01-01,29
Rwanda,2021-01-01,41
Rwanda,2022-01-01,51
Saint Kitts and Nevis,2015-01-01,2
Saint Kitts and Nevis,2020-01-01,1
Saint Kitts and Nevis,2021-01-01,2
Saint Lucia,2019-01-01,1
Saint Lucia,2020-01-01,1
Saint Vincent and the Grenadines,2014-01-01,2
Saint Vincent and the Grenadines,2021-01-01,1
San Marino,2017-01-01,2
San Marino,2018-01-01,8
San Marino,2019-01-01,1
San Marino,2021-01-01,1
San Marino,2022-01-01,1
Sao Tome and Principe,2014-01-01,1
Sao Tome and Principe,2015-01-01,2
Sao Tome and Principe,2022-01-01,1
Saudi Arabia,2014-01-01,648
Saudi Arabia,2015-01-01,777
Saudi Arabia,2016-01-01,788
Saudi Arabia,2017-01-01,952
Saudi Arabia,2018-01-01,1170
Saudi Arabia,2019-01-01,1808
Saudi Arabia,2020-01-01,2666
Saudi Arabia,2021-01-01,3943
Saudi Arabia,2022-01-01,5641
Senegal,2014-01-01,8
Senegal,2015-01-01,8
Senegal,2016-01-01,11
Senegal,2017-01-01,20
Senegal,2018-01-01,29
Senegal,2019-01-01,33
Senegal,2020-01-01,44
Senegal,2021-01-01,40
Senegal,2022-01-01,52
Serbia,2014-01-01,252
Serbia,2015-01-01,287
Serbia,2016-01-01,284
Serbia,2017-01-01,316
Serbia,2018-01-01,320
Serbia,2019-01-01,405
Serbia,2020-01-01,394
Serbia,2021-01-01,505
Serbia,2022-01-01,635
Seychelles,2018-01-01,1
Seychelles,2021-01-01,1
Seychelles,2022-01-01,2
Sierra Leone,2017-01-01,1
Sierra Leone,2018-01-01,1
Sierra Leone,2019-01-01,5
Sierra Leone,2020-01-01,4
Sierra Leone,2021-01-01,5
Sierra Leone,2022-01-01,3
Singapore,2014-01-01,1681
Singapore,2015-01-01,1702
Singapore,2016-01-01,1880
Singapore,2017-01-01,1935
Singapore,2018-01-01,2308
Singapore,2019-01-01,2710
Singapore,2020-01-01,3250
Singapore,2021-01-01,3871
Singapore,2022-01-01,4147
Slovakia,2014-01-01,372
Slovakia,2015-01-01,290
Slovakia,2016-01-01,352
Slovakia,2017-01-01,273
Slovakia,2018-01-01,368
Slovakia,2019-01-01,424
Slovakia,2020-01-01,472
Slovakia,2021-01-01,514
Slovakia,2022-01-01,571
Slovenia,2014-01-01,250
Slovenia,2015-01-01,315
Slovenia,2016-01-01,267
Slovenia,2017-01-01,300
Slovenia,2018-01-01,319
Slovenia,2019-01-01,377
Slovenia,2020-01-01,415
Slovenia,2021-01-01,494
Slovenia,2022-01-01,453
Somalia,2015-01-01,1
Somalia,2018-01-01,2
Somalia,2019-01-01,3
Somalia,2020-01-01,2
Somalia,2021-01-01,7
Somalia,2022-01-01,6
South Africa,2014-01-01,299
South Africa,2015-01-01,311
South Africa,2016-01-01,391
South Africa,2017-01-01,367
South Africa,2018-01-01,476
South Africa,2019-01-01,593
South Africa,2020-01-01,806
South Africa,2021-01-01,958
South Africa,2022-01-01,1030
South America,2014-01-01,3124
South America,2015-01-01,3682
South America,2016-01-01,3794
South America,2017-01-01,4302
South America,2018-01-01,5310
South America,2019-01-01,6043
South America,2020-01-01,6958
South America,2021-01-01,7456
South America,2022-01-01,6997
South Korea,2014-01-01,3701
South Korea,2015-01-01,3785
South Korea,2016-01-01,3628
South Korea,2017-01-01,4038
South Korea,2018-01-01,4922
South Korea,2019-01-01,5928
South Korea,2020-01-01,7581
South Korea,2021-01-01,9398
South Korea,2022-01-01,10468
South Sudan,2014-01-01,11
South Sudan,2015-01-01,15
South Sudan,2016-01-01,13
South Sudan,2017-01-01,15
South Sudan,2018-01-01,17
South Sudan,2019-01-01,23
South Sudan,2020-01-01,32
South Sudan,2021-01-01,42
South Sudan,2022-01-01,55
Spain,2014-01-01,3646
Spain,2015-01-01,3950
Spain,2016-01-01,3752
Spain,2017-01-01,4182
Spain,2018-01-01,4511
Spain,2019-01-01,5193
Spain,2020-01-01,5547
Spain,2021-01-01,6119
Spain,2022-01-01,6489
Sri Lanka,2014-01-01,107
Sri Lanka,2015-01-01,121
Sri Lanka,2016-01-01,140
Sri Lanka,2017-01-01,192
Sri Lanka,2018-01-01,260
Sri Lanka,2019-01-01,300
Sri Lanka,2020-01-01,450
Sri Lanka,2021-01-01,585
Sri Lanka,2022-01-01,598
Sudan,2014-01-01,24
Sudan,2015-01-01,45
Sudan,2016-01-01,49
Sudan,2017-01-01,62
Sudan,2018-01-01,62
Sudan,2019-01-01,67
Sudan,2020-01-01,55
Sudan,2021-01-01,99
Sudan,2022-01-01,86
Suriname,2014-01-01,1
Suriname,2019-01-01,1
Suriname,2021-01-01,1
Sweden,2014-01-01,1101
Sweden,2015-01-01,1049
Sweden,2016-01-01,1236
Sweden,2017-01-01,1246
Sweden,2018-01-01,1487
Sweden,2019-01-01,1872
Sweden,2020-01-01,2325
Sweden,2021-01-01,2646
Sweden,2022-01-01,2774
Switzerland,2014-01-01,1516
Switzerland,2015-01-01,1542
Switzerland,2016-01-01,1618
Switzerland,2017-01-01,1908
Switzerland,2018-01-01,2343
Switzerland,2019-01-01,2753
Switzerland,2020-01-01,3359
Switzerland,2021-01-01,4011
Switzerland,2022-01-01,4293
Syria,2014-01-01,11
Syria,2015-01-01,7
Syria,2016-01-01,16
Syria,2017-01-01,11
Syria,2018-01-01,20
Syria,2019-01-01,30
Syria,2020-01-01,44
Syria,2021-01-01,48
Syria,2022-01-01,68
Taiwan,2014-01-01,2073
Taiwan,2015-01-01,1958
Taiwan,2016-01-01,1898
Taiwan,2017-01-01,1936
Taiwan,2018-01-01,2335
Taiwan,2019-01-01,3035
Taiwan,2020-01-01,3527
Taiwan,2021-01-01,4212
Taiwan,2022-01-01,4502
Tajikistan,2014-01-01,7
Tajikistan,2015-01-01,5
Tajikistan,2016-01-01,9
Tajikistan,2017-01-01,9
Tajikistan,2018-01-01,12
Tajikistan,2019-01-01,29
Tajikistan,2020-01-01,40
Tajikistan,2021-01-01,43
Tajikistan,2022-01-01,36
Tanzania,2014-01-01,7
Tanzania,2015-01-01,11
Tanzania,2016-01-01,8
Tanzania,2017-01-01,16
Tanzania,2018-01-01,9
Tanzania,2019-01-01,22
Tanzania,2020-01-01,40
Tanzania,2021-01-01,54
Tanzania,2022-01-01,86
Thailand,2014-01-01,568
Thailand,2015-01-01,568
Thailand,2016-01-01,644
Thailand,2017-01-01,720
Thailand,2018-01-01,860
Thailand,2019-01-01,957
Thailand,2020-01-01,949
Thailand,2021-01-01,1275
Thailand,2022-01-01,1517
Togo,2015-01-01,1
Togo,2017-01-01,1
Togo,2019-01-01,1
Togo,2020-01-01,3
Togo,2021-01-01,5
Togo,2022-01-01,10
Tonga,2021-01-01,2
Trinidad and Tobago,2014-01-01,6
Trinidad and Tobago,2015-01-01,2
Trinidad and Tobago,2016-01-01,9
Trinidad and Tobago,2017-01-01,6
Trinidad and Tobago,2018-01-01,5
Trinidad and Tobago,2019-01-01,14
Trinidad and Tobago,2020-01-01,20
Trinidad and Tobago,2021-01-01,19
Trinidad and Tobago,2022-01-01,29
Tunisia,2014-01-01,628
Tunisia,2015-01-01,628
Tunisia,2016-01-01,857
Tunisia,2017-01-01,808
Tunisia,2018-01-01,739
Tunisia,2019-01-01,725
Tunisia,2020-01-01,846
Tunisia,2021-01-01,885
Tunisia,2022-01-01,1090
Turkey,2014-01-01,1366
Turkey,2015-01-01,1598
Turkey,2016-01-01,1777
Turkey,2017-01-01,2096
Turkey,2018-01-01,2446
Turkey,2019-01-01,2791
Turkey,2020-01-01,3289
Turkey,2021-01-01,4212
Turkey,2022-01-01,4849
Turkmenistan,2015-01-01,1
Turkmenistan,2019-01-01,2
Turkmenistan,2022-01-01,3
Tuvalu,2014-01-01,1
Tuvalu,2015-01-01,1
Tuvalu,2016-01-01,1
Tuvalu,2017-01-01,2
Tuvalu,2018-01-01,1
Tuvalu,2022-01-01,1
Uganda,2014-01-01,19
Uganda,2015-01-01,12
Uganda,2016-01-01,15
Uganda,2017-01-01,21
Uganda,2018-01-01,31
Uganda,2019-01-01,23
Uganda,2020-01-01,41
Uganda,2021-01-01,47
Uganda,2022-01-01,62
Ukraine,2014-01-01,186
Ukraine,2015-01-01,264
Ukraine,2016-01-01,347
Ukraine,2017-01-01,448
Ukraine,2018-01-01,647
Ukraine,2019-01-01,809
Ukraine,2020-01-01,1026
Ukraine,2021-01-01,1009
Ukraine,2022-01-01,979
United Arab Emirates,2014-01-01,180
United Arab Emirates,2015-01-01,265
United Arab Emirates,2016-01-01,297
United Arab Emirates,2017-01-01,405
United Arab Emirates,2018-01-01,563
United Arab Emirates,2019-01-01,881
United Arab Emirates,2020-01-01,1143
United Arab Emirates,2021-01-01,1518
United Arab Emirates,2022-01-01,2132
United Kingdom,2014-01-01,6516
United Kingdom,2015-01-01,6795
United Kingdom,2016-01-01,7633
United Kingdom,2017-01-01,8357
United Kingdom,2018-01-01,10148
United Kingdom,2019-01-01,12390
United Kingdom,2020-01-01,14647
United Kingdom,2021-01-01,16838
United Kingdom,2022-01-01,16545
United States,2014-01-01,21835
United States,2015-01-01,23280
United States,2016-01-01,25185
United States,2017-01-01,28792
United States,2018-01-01,35857
United States,2019-01-01,44895
United States,2020-01-01,52268
United States,2021-01-01,57192
United States,2022-01-01,53690
Uruguay,2014-01-01,36
Uruguay,2015-01-01,39
Uruguay,2016-01-01,30
Uruguay,2017-01-01,41
Uruguay,2018-01-01,46
Uruguay,2019-01-01,54
Uruguay,2020-01-01,71
Uruguay,2021-01-01,96
Uruguay,2022-01-01,86
Uzbekistan,2014-01-01,4
Uzbekistan,2015-01-01,10
Uzbekistan,2016-01-01,12
Uzbekistan,2017-01-01,20
Uzbekistan,2018-01-01,13
Uzbekistan,2019-01-01,79
Uzbekistan,2020-01-01,125
Uzbekistan,2021-01-01,232
Uzbekistan,2022-01-01,182
Vanuatu,2021-01-01,1
Vatican,2017-01-01,1
Vatican,2018-01-01,1
Vatican,2019-01-01,1
Vatican,2021-01-01,3
Venezuela,2014-01-01,48
Venezuela,2015-01-01,64
Venezuela,2016-01-01,76
Venezuela,2017-01-01,71
Venezuela,2018-01-01,53
Venezuela,2019-01-01,79
Venezuela,2020-01-01,48
Venezuela,2021-01-01,73
Venezuela,2022-01-01,61
Vietnam,2014-01-01,360
Vietnam,2015-01-01,442
Vietnam,2016-01-01,580
Vietnam,2017-01-01,579
Vietnam,2018-01-01,753
Vietnam,2019-01-01,1256
Vietnam,2020-01-01,1702
Vietnam,2021-01-01,2043
Vietnam,2022-01-01,2372
World,2014-01-01,145043
World,2015-01-01,153545
World,2016-01-01,164483
World,2017-01-01,183212
World,2018-01-01,222951
World,2019-01-01,272306
World,2020-01-01,317319
World,2021-01-01,382208
World,2022-01-01,421783
Yemen,2014-01-01,41
Yemen,2015-01-01,36
Yemen,2016-01-01,41
Yemen,2017-01-01,38
Yemen,2018-01-01,44
Yemen,2019-01-01,75
Yemen,2020-01-01,112
Yemen,2021-01-01,225
Yemen,2022-01-01,278
Zambia,2014-01-01,3
Zambia,2015-01-01,1
Zambia,2016-01-01,1
Zambia,2017-01-01,4
Zambia,2018-01-01,5
Zambia,2019-01-01,22
Zambia,2020-01-01,13
Zambia,2021-01-01,17
Zambia,2022-01-01,32
Zimbabwe,2014-01-01,15
Zimbabwe,2015-01-01,10
Zimbabwe,2016-01-01,8
Zimbabwe,2017-01-01,10
Zimbabwe,2018-01-01,13
Zimbabwe,2019-01-01,21
Zimbabwe,2020-01-01,20
Zimbabwe,2021-01-01,40
Zimbabwe,2022-01-01,40
